Country ,Continent,Year,HRank,HScore,Economy,Family,Life.expectancy,Freedom ,Generosity,Trust
Myanmar,Asia,2018,131,4.36,0.71,1.181,0.555,0.525,0.566,0.172
Indonesia,Asia,2018,92,5.192,0.931,1.203,0.66,0.491,0.498,0.028
Haiti,North America,2018,147,3.597,0.323,0.688,0.449,0.026,0.419,0.11
Malta,Europe,2018,22,6.726,1.3,1.52,0.999,0.564,0.375,0.151
Kenya,Africa,2018,121,4.509,0.512,0.983,0.581,0.431,0.372,0.053
Bhutan,Asia,2018,95,5.082,0.813,1.321,0.604,0.457,0.37,0.167
Thailand,Asia,2018,52,6.008,1.05,1.409,0.828,0.557,0.359,0.028
Iceland,Europe,2018,4,7.494,1.38,1.624,1.026,0.591,0.354,0.118
United Kingdom,Europe,2018,15,7.054,1.333,1.538,0.996,0.45,0.348,0.278
Australia,Oceania,2018,11,7.228,1.372,1.548,1.036,0.557,0.332,0.29
Syria,Asia,2018,149,3.462,0.619,0.378,0.44,0.013,0.331,0.141
New Zealand,Oceania,2018,8,7.307,1.303,1.557,1.026,0.585,0.33,0.38
Uzbekistan,Asia,2018,41,6.174,0.745,1.529,0.756,0.631,0.322,0.24
Netherlands,Europe,2018,5,7.488,1.396,1.522,0.999,0.557,0.322,0.298
Kyrgyzstan,Asia,2018,86,5.261,0.551,1.438,0.723,0.508,0.3,0.023
Ireland,Europe,2018,16,7.021,1.499,1.553,0.999,0.516,0.298,0.31
Canada,North America,2018,9,7.278,1.365,1.505,1.039,0.584,0.285,0.308
Nepal,Asia,2018,100,4.913,0.446,1.226,0.677,0.439,0.285,0.089
United States,North America,2018,19,6.892,1.433,1.457,0.874,0.454,0.28,0.128
Tanzania,Africa,2018,153,3.231,0.476,0.885,0.499,0.417,0.276,0.147
Comoros,Africa,2018,142,3.973,0.274,0.757,0.505,0.142,0.275,0.078
Norway,Europe,2018,3,7.554,1.488,1.582,1.028,0.603,0.271,0.341
Singapore,Asia,2018,34,6.262,1.572,1.463,1.141,0.556,0.271,0.453
Iran,Asia,2018,117,4.548,1.1,0.842,0.785,0.305,0.27,0.125
Gambia,Africa,2018,120,4.516,0.308,0.939,0.428,0.382,0.269,0.167
Sweden,Europe,2018,7,7.343,1.387,1.487,1.009,0.574,0.267,0.373
Laos,Asia,2018,105,4.796,0.764,1.03,0.551,0.547,0.266,0.164
Switzerland,Europe,2018,6,7.48,1.452,1.526,1.052,0.572,0.263,0.343
Bosnia and Herzegovina,Europe,2018,78,5.386,0.945,1.212,0.845,0.212,0.263,0.006
United Arab Emirates,Asia,2018,21,6.825,1.503,1.31,0.825,0.598,0.262,0.182
Kosovo,Europe,2018,46,6.1,0.882,1.232,0.758,0.489,0.262,0.006
Germany,Europe,2018,17,6.985,1.373,1.454,0.987,0.495,0.261,0.265
Israel,Asia,2018,13,7.139,1.276,1.455,1.029,0.371,0.261,0.082
Malaysia,Asia,2018,80,5.339,1.221,1.171,0.828,0.508,0.26,0.024
Hong Kong,Asia,2018,76,5.43,1.438,1.277,1.122,0.44,0.258,0.287
Bahrain,Asia,2018,37,6.199,1.362,1.368,0.871,0.536,0.255,0.11
Denmark,Europe,2018,2,7.6,1.383,1.573,0.996,0.592,0.252,0.41
Uganda,Africa,2018,136,4.189,0.332,1.069,0.443,0.356,0.252,0.06
Sierra Leone,Africa,2018,129,4.374,0.268,0.841,0.242,0.309,0.252,0.045
Zambia,Africa,2018,138,4.107,0.578,1.058,0.426,0.431,0.247,0.087
Honduras,North America,2018,59,5.86,0.642,1.236,0.828,0.507,0.246,0.078
Ghana,Africa,2018,98,4.996,0.611,0.868,0.486,0.381,0.245,0.04
Austria,Europe,2018,10,7.246,1.376,1.475,1.016,0.532,0.244,0.226
Sri Lanka,Asia,2018,130,4.366,0.949,1.265,0.831,0.47,0.244,0.047
Turkmenistan,Asia,2018,87,5.247,1.052,1.538,0.657,0.394,0.244,0.028
Somalia,Africa,2018,112,4.668,0,0.698,0.268,0.559,0.243,0.27
Taiwan,Asia,2018,25,6.446,1.368,1.43,0.914,0.351,0.242,0.097
Mongolia,Asia,2018,83,5.285,0.948,1.531,0.667,0.317,0.235,0.038
Central African Republic,Africa,2018,155,3.083,0.026,0,0.105,0.225,0.235,0.035
Liberia,Africa,2018,141,3.975,0.073,0.922,0.443,0.37,0.233,0.033
Cambodia,Asia,2018,109,4.7,0.574,1.122,0.637,0.609,0.232,0.062
Tajikistan,Asia,2018,74,5.467,0.493,1.098,0.718,0.389,0.23,0.144
Qatar,Asia,2018,29,6.374,1.684,1.313,0.871,0.555,0.22,0.167
Pakistan,Asia,2018,67,5.653,0.677,0.886,0.535,0.313,0.22,0.098
Malawi,Africa,2018,150,3.41,0.191,0.56,0.495,0.443,0.218,0.089
Rwanda,Africa,2018,152,3.334,0.359,0.711,0.614,0.555,0.217,0.411
Mauritius,Africa,2018,57,5.888,1.12,1.402,0.798,0.498,0.215,0.06
Nigeria,Africa,2018,85,5.265,0.696,1.111,0.245,0.426,0.215,0.041
Congo (Kinshasa),Africa,2018,127,4.418,0.094,1.125,0.357,0.269,0.212,0.053
Ethiopia,Africa,2018,134,4.286,0.336,1.033,0.532,0.344,0.209,0.1
Guinea,Africa,2018,118,4.534,0.38,0.829,0.375,0.332,0.207,0.086
South Sudan,Africa,2018,156,2.853,0.306,0.575,0.295,0.01,0.202,0.091
India,Asia,2018,140,4.015,0.755,0.765,0.588,0.498,0.2,0.085
Nicaragua,North America,2018,45,6.105,0.694,1.325,0.835,0.435,0.2,0.127
Chad,Africa,2018,132,4.35,0.35,0.766,0.192,0.174,0.198,0.078
Mozambique,Africa,2018,123,4.466,0.204,0.986,0.39,0.494,0.197,0.138
Luxembourg,Europe,2018,14,7.09,1.609,1.479,1.012,0.526,0.194,0.316
Northern Cyprus,Asia,2018,64,5.718,1.263,1.252,1.042,0.417,0.191,0.162
Cyprus,Asia,2018,49,6.046,1.263,1.223,1.042,0.406,0.19,0.041
Niger,Africa,2018,114,4.628,0.138,0.774,0.366,0.318,0.188,0.102
Cameroon,Africa,2018,96,5.044,0.549,0.91,0.331,0.381,0.187,0.037
Chile,South America,2018,26,6.444,1.159,1.369,0.92,0.357,0.187,0.056
Ukraine,Europe,2018,133,4.332,0.82,1.39,0.739,0.178,0.187,0.01
Trinidad & Tobago,North America,2018,39,6.192,1.231,1.477,0.713,0.489,0.185,0.016
North Macedonia,Europe,2018,84,5.274,0.983,1.294,0.838,0.345,0.185,0.034
Paraguay,South America,2018,63,5.743,0.855,1.475,0.777,0.514,0.184,0.08
Moldova,Europe,2018,71,5.529,0.685,1.328,0.739,0.245,0.181,0
Albania,Europe,2018,107,4.719,0.947,0.848,0.874,0.383,0.178,0.027
Togo,Africa,2018,139,4.085,0.275,0.572,0.41,0.293,0.177,0.085
Burkina Faso,Africa,2018,115,4.587,0.331,1.056,0.38,0.255,0.177,0.113
Burundi,Africa,2018,145,3.775,0.046,0.447,0.38,0.22,0.176,0.18
Guatemala,North America,2018,27,6.436,0.8,1.269,0.746,0.535,0.175,0.078
Benin,Africa,2018,102,4.883,0.393,0.437,0.397,0.349,0.175,0.082
South Korea,Asia,2018,54,5.895,1.301,1.219,1.036,0.159,0.175,0.056
Madagascar,Africa,2018,143,3.933,0.274,0.916,0.555,0.148,0.169,0.041
Bangladesh,Asia,2018,125,4.456,0.562,0.928,0.723,0.527,0.166,0.143
Lebanon,Asia,2018,91,5.197,0.987,1.224,0.815,0.216,0.166,0.027
Belgium,Europe,2018,18,6.923,1.356,1.504,0.986,0.473,0.16,0.21
Italy,Europe,2018,36,6.223,1.294,1.488,1.039,0.231,0.158,0.03
Afghanistan,Asia,2018,154,3.203,0.35,0.517,0.361,0,0.158,0.025
Ivory Coast,Africa,2018,99,4.944,0.569,0.808,0.232,0.352,0.154,0.09
Finland,Europe,2018,1,7.769,1.34,1.587,0.986,0.596,0.153,0.393
Spain,Europe,2018,30,6.354,1.286,1.484,1.062,0.362,0.153,0.079
Mali,Africa,2018,128,4.39,0.385,1.105,0.308,0.327,0.153,0.052
Senegal,Africa,2018,111,4.681,0.45,1.134,0.571,0.292,0.153,0.072
Zimbabwe,Africa,2018,146,3.663,0.366,1.114,0.433,0.361,0.151,0.089
Iraq,Asia,2018,126,4.437,1.043,0.98,0.574,0.241,0.148,0.089
Vietnam,Asia,2018,94,5.175,0.741,1.346,0.851,0.543,0.147,0.073
Kazakhstan,Asia,2018,60,5.809,1.173,1.508,0.729,0.41,0.146,0.096
Slovenia,Europe,2018,44,6.118,1.258,1.523,0.953,0.564,0.144,0.057
Costa Rica,North America,2018,12,7.167,1.034,1.441,0.963,0.558,0.144,0.093
Kuwait,Asia,2018,51,6.021,1.5,1.319,0.808,0.493,0.142,0.097
Montenegro,Europe,2018,73,5.523,1.051,1.361,0.871,0.197,0.142,0.08
Bolivia,South America,2018,61,5.779,0.776,1.209,0.706,0.511,0.137,0.064
Serbia,Europe,2018,70,5.603,1.004,1.383,0.854,0.282,0.137,0.039
Libya,Africa,2018,72,5.525,1.044,1.303,0.673,0.416,0.133,0.152
South Africa,Africa,2018,106,4.722,0.96,1.351,0.469,0.389,0.13,0.055
Uruguay,South America,2018,33,6.293,1.124,1.465,0.891,0.523,0.127,0.15
Ecuador,Africa,2018,50,6.028,0.912,1.312,0.868,0.498,0.126,0.087
Slovakia,Europe,2018,38,6.198,1.246,1.504,0.881,0.334,0.121,0.014
Croatia,Europe,2018,75,5.432,1.155,1.266,0.914,0.296,0.119,0.022
Philippines,Asia,2018,69,5.631,0.807,1.293,0.657,0.558,0.117,0.107
Poland,Europe,2018,40,6.182,1.206,1.438,0.884,0.483,0.117,0.05
Dominican Republic,North America,2018,77,5.425,1.015,1.401,0.779,0.497,0.113,0.101
France,Europe,2018,24,6.592,1.324,1.472,1.045,0.436,0.111,0.183
Jordan,Asia,2018,101,4.906,0.837,1.225,0.815,0.383,0.11,0.13
Panama,North America,2018,31,6.321,1.149,1.442,0.91,0.516,0.109,0.054
Yemen,Asia,2018,151,3.38,0.287,1.163,0.463,0.143,0.108,0.077
Jamaica,North America,2018,56,5.89,0.831,1.478,0.831,0.49,0.107,0.028
Lesotho,Africa,2018,144,3.802,0.489,1.169,0.168,0.359,0.107,0.093
Mauritania,Africa,2018,122,4.49,0.57,1.167,0.489,0.066,0.106,0.088
Congo (Brazzaville),Africa,2018,103,4.812,0.673,0.799,0.508,0.372,0.105,0.093
Estonia,Europe,2018,55,5.893,1.237,1.528,0.874,0.495,0.103,0.161
Palestinian Territories,Asia,2018,110,4.696,0.657,1.247,0.672,0.225,0.103,0.066
Colombia,South America,2018,43,6.125,0.985,1.41,0.841,0.47,0.099,0.034
Brazil,South America,2018,32,6.3,1.004,1.439,0.802,0.39,0.099,0.086
Armenia,Asia,2018,116,4.559,0.85,1.055,0.815,0.283,0.095,0.064
Belarus,Europe,2018,81,5.323,1.067,1.465,0.789,0.235,0.094,0.142
El Salvador,North America,2018,35,6.253,0.794,1.242,0.789,0.43,0.093,0.074
Romania,Europe,2018,48,6.07,1.162,1.232,0.825,0.462,0.083,0.005
Peru,South America,2018,65,5.697,0.96,1.274,0.854,0.455,0.083,0.027
Turkey,Asia,2018,79,5.373,1.183,1.36,0.808,0.195,0.083,0.106
Russia,Europe,2018,68,5.648,1.183,1.452,0.726,0.334,0.082,0.031
Bulgaria,Europe,2018,97,5.011,1.092,1.513,0.815,0.311,0.081,0.004
Hungary,Europe,2018,62,5.758,1.201,1.41,0.828,0.199,0.081,0.02
Saudi Arabia,Asia,2018,28,6.375,1.403,1.357,0.795,0.439,0.08,0.132
Egypt,Africa,2018,137,4.166,0.913,1.039,0.644,0.241,0.076,0.067
Latvia,Europe,2018,53,5.94,1.187,1.465,0.812,0.264,0.075,0.064
Mexico,North America,2018,23,6.595,1.07,1.323,0.861,0.433,0.074,0.073
Swaziland,Asia,2018,135,4.212,0.811,1.149,0,0.313,0.074,0.135
Algeria,Africa,2018,88,5.211,1.002,1.16,0.785,0.086,0.073,0.114
Namibia,Africa,2018,113,4.639,0.879,1.313,0.477,0.401,0.07,0.056
Japan,Asia,2018,58,5.886,1.327,1.419,1.088,0.445,0.069,0.14
Argentina,South America,2018,47,6.086,1.092,1.432,0.881,0.471,0.066,0.05
Venezuela,South America,2018,108,4.707,0.96,1.427,0.805,0.154,0.064,0.047
Tunisia,Africa,2018,124,4.461,0.921,1,0.815,0.167,0.059,0.055
China,Asia,2018,93,5.191,1.029,1.125,0.893,0.521,0.058,0.1
Portugal,Europe,2018,66,5.693,1.221,1.431,0.999,0.508,0.047,0.025
Czech Republic,Europe,2018,20,6.852,1.269,1.487,0.92,0.457,0.046,0.036
Georgia,Asia,2018,119,4.519,0.886,0.666,0.752,0.346,0.043,0.164
Gabon,Africa,2018,104,4.799,1.057,1.183,0.571,0.295,0.043,0.055
Lithuania,Europe,2018,42,6.149,1.238,1.515,0.818,0.291,0.043,0.042
Morocco,Africa,2018,89,5.208,0.801,0.782,0.782,0.418,0.036,0.076
Azerbaijan,Asia,2018,90,5.208,1.043,1.147,0.769,0.351,0.035,0.182
Botswana,Africa,2018,148,3.488,1.041,1.145,0.538,0.455,0.025,0.1
Greece,Europe,2018,82,5.287,1.181,1.156,0.999,0.067,0,0.034
