Country ,Region,Happiness Rank,Happiness Score,Economy,Family,Life.expectancy,Freedom to make life choices,Generosity,Trust,Continent
Afghanistan,Southern Asia,154,3.203,0.35,0.517,0.361,0,0.158,0.025,Asia
Albania,Central and Eastern Europe,107,4.719,0.947,0.848,0.874,0.383,0.178,0.027,Europe
Algeria,Middle East and Northern Africa,88,5.211,1.002,1.16,0.785,0.086,0.073,0.114,Africa
Argentina,Latin America and Caribbean,47,6.086,1.092,1.432,0.881,0.471,0.066,0.05,South America
Armenia,Central and Eastern Europe,116,4.559,0.85,1.055,0.815,0.283,0.095,0.064,Asia
Australia,Australia and New Zealand,11,7.228,1.372,1.548,1.036,0.557,0.332,0.29,Oceania
Austria,Western Europe,10,7.246,1.376,1.475,1.016,0.532,0.244,0.226,Europe
Azerbaijan,Central and Eastern Europe,90,5.208,1.043,1.147,0.769,0.351,0.035,0.182,Asia
Bahrain,Middle East and Northern Africa,37,6.199,1.362,1.368,0.871,0.536,0.255,0.11,Asia
Bangladesh,Southern Asia,125,4.456,0.562,0.928,0.723,0.527,0.166,0.143,Asia
Belarus,Central and Eastern Europe,81,5.323,1.067,1.465,0.789,0.235,0.094,0.142,Europe
Belgium,Western Europe,18,6.923,1.356,1.504,0.986,0.473,0.16,0.21,Europe
Benin,Sub-Saharan Africa,102,4.883,0.393,0.437,0.397,0.349,0.175,0.082,Africa
Bhutan,Southern Asia,95,5.082,0.813,1.321,0.604,0.457,0.37,0.167,Asia
Bolivia,Latin America and Caribbean,61,5.779,0.776,1.209,0.706,0.511,0.137,0.064,South America
Bosnia and Herzegovina,Central and Eastern Europe,78,5.386,0.945,1.212,0.845,0.212,0.263,0.006,Europe
Botswana,Sub-Saharan Africa,148,3.488,1.041,1.145,0.538,0.455,0.025,0.1,Africa
Brazil,Latin America and Caribbean,32,6.3,1.004,1.439,0.802,0.39,0.099,0.086,South America
Bulgaria,Central and Eastern Europe,97,5.011,1.092,1.513,0.815,0.311,0.081,0.004,Europe
Burkina Faso,Sub-Saharan Africa,115,4.587,0.331,1.056,0.38,0.255,0.177,0.113,Africa
Burundi,Sub-Saharan Africa,145,3.775,0.046,0.447,0.38,0.22,0.176,0.18,Africa
Cambodia,Southeastern Asia,109,4.7,0.574,1.122,0.637,0.609,0.232,0.062,Asia
Cameroon,Sub-Saharan Africa,96,5.044,0.549,0.91,0.331,0.381,0.187,0.037,Africa
Canada,North America,9,7.278,1.365,1.505,1.039,0.584,0.285,0.308,North America
Central African Republic,Sub-Saharan Africa,155,3.083,0.026,0,0.105,0.225,0.235,0.035,Africa
Chad,Sub-Saharan Africa,132,4.35,0.35,0.766,0.192,0.174,0.198,0.078,Africa
Chile,Latin America and Caribbean,26,6.444,1.159,1.369,0.92,0.357,0.187,0.056,South America
China,Eastern Asia,93,5.191,1.029,1.125,0.893,0.521,0.058,0.1,Asia
Colombia,Latin America and Caribbean,43,6.125,0.985,1.41,0.841,0.47,0.099,0.034,South America
Comoros,Sub-Saharan Africa,142,3.973,0.274,0.757,0.505,0.142,0.275,0.078,Africa
Congo (Brazzaville),Sub-Saharan Africa,103,4.812,0.673,0.799,0.508,0.372,0.105,0.093,Africa
Congo (Kinshasa),Sub-Saharan Africa,127,4.418,0.094,1.125,0.357,0.269,0.212,0.053,Africa
Costa Rica,Latin America and Caribbean,12,7.167,1.034,1.441,0.963,0.558,0.144,0.093,North America
Croatia,Central and Eastern Europe,75,5.432,1.155,1.266,0.914,0.296,0.119,0.022,Europe
Cyprus,Western Europe,49,6.046,1.263,1.223,1.042,0.406,0.19,0.041,Asia
Czech Republic,Central and Eastern Europe,20,6.852,1.269,1.487,0.92,0.457,0.046,0.036,Europe
Denmark,Western Europe,2,7.6,1.383,1.573,0.996,0.592,0.252,0.41,Europe
Dominican Republic,Latin America and Caribbean,77,5.425,1.015,1.401,0.779,0.497,0.113,0.101,North America
Ecuador,Latin America and Caribbean,50,6.028,0.912,1.312,0.868,0.498,0.126,0.087,Africa
Egypt,Middle East and Northern Africa,137,4.166,0.913,1.039,0.644,0.241,0.076,0.067,Africa
El Salvador,Latin America and Caribbean,35,6.253,0.794,1.242,0.789,0.43,0.093,0.074,North America
Estonia,Central and Eastern Europe,55,5.893,1.237,1.528,0.874,0.495,0.103,0.161,Europe
Ethiopia,Sub-Saharan Africa,134,4.286,0.336,1.033,0.532,0.344,0.209,0.1,Africa
Finland,Western Europe,1,7.769,1.34,1.587,0.986,0.596,0.153,0.393,Europe
France,Western Europe,24,6.592,1.324,1.472,1.045,0.436,0.111,0.183,Europe
Gabon,Sub-Saharan Africa,104,4.799,1.057,1.183,0.571,0.295,0.043,0.055,Africa
Gambia,Sub-Saharan Africa,120,4.516,0.308,0.939,0.428,0.382,0.269,0.167,Africa
Georgia,Central and Eastern Europe,119,4.519,0.886,0.666,0.752,0.346,0.043,0.164,Asia
Germany,Western Europe,17,6.985,1.373,1.454,0.987,0.495,0.261,0.265,Europe
Ghana,Sub-Saharan Africa,98,4.996,0.611,0.868,0.486,0.381,0.245,0.04,Africa
Greece,Western Europe,82,5.287,1.181,1.156,0.999,0.067,0,0.034,Europe
Guatemala,Latin America and Caribbean,27,6.436,0.8,1.269,0.746,0.535,0.175,0.078,North America
Guinea,Sub-Saharan Africa,118,4.534,0.38,0.829,0.375,0.332,0.207,0.086,Oceania
Haiti,Latin America and Caribbean,147,3.597,0.323,0.688,0.449,0.026,0.419,0.11,North America
Honduras,Latin America and Caribbean,59,5.86,0.642,1.236,0.828,0.507,0.246,0.078,North America
Hong Kong,Eastern Asia,76,5.43,1.438,1.277,1.122,0.44,0.258,0.287,Asia
Hungary,Central and Eastern Europe,62,5.758,1.201,1.41,0.828,0.199,0.081,0.02,Europe
Iceland,Western Europe,4,7.494,1.38,1.624,1.026,0.591,0.354,0.118,Europe
India,Southern Asia,140,4.015,0.755,0.765,0.588,0.498,0.2,0.085,Asia
Indonesia,Southeastern Asia,92,5.192,0.931,1.203,0.66,0.491,0.498,0.028,Asia
Iran,Middle East and Northern Africa,117,4.548,1.1,0.842,0.785,0.305,0.27,0.125,Asia
Iraq,Middle East and Northern Africa,126,4.437,1.043,0.98,0.574,0.241,0.148,0.089,Asia
Ireland,Western Europe,16,7.021,1.499,1.553,0.999,0.516,0.298,0.31,Europe
Israel,Middle East and Northern Africa,13,7.139,1.276,1.455,1.029,0.371,0.261,0.082,Asia
Italy,Western Europe,36,6.223,1.294,1.488,1.039,0.231,0.158,0.03,Europe
Ivory Coast,Sub-Saharan Africa,99,4.944,0.569,0.808,0.232,0.352,0.154,0.09,Africa
Jamaica,Latin America and Caribbean,56,5.89,0.831,1.478,0.831,0.49,0.107,0.028,North America
Japan,Eastern Asia,58,5.886,1.327,1.419,1.088,0.445,0.069,0.14,Asia
Jordan,Middle East and Northern Africa,101,4.906,0.837,1.225,0.815,0.383,0.11,0.13,Asia
Kazakhstan,Central and Eastern Europe,60,5.809,1.173,1.508,0.729,0.41,0.146,0.096,Asia
Kenya,Sub-Saharan Africa,121,4.509,0.512,0.983,0.581,0.431,0.372,0.053,Africa
Kosovo,Central and Eastern Europe,46,6.1,0.882,1.232,0.758,0.489,0.262,0.006,Europe
Kuwait,Middle East and Northern Africa,51,6.021,1.5,1.319,0.808,0.493,0.142,0.097,Asia
Kyrgyzstan,Central and Eastern Europe,86,5.261,0.551,1.438,0.723,0.508,0.3,0.023,Asia
Laos,Southeastern Asia,105,4.796,0.764,1.03,0.551,0.547,0.266,0.164,Asia
Latvia,Central and Eastern Europe,53,5.94,1.187,1.465,0.812,0.264,0.075,0.064,Europe
Lebanon,Middle East and Northern Africa,91,5.197,0.987,1.224,0.815,0.216,0.166,0.027,Asia
Lesotho,Sub-Saharan Africa,144,3.802,0.489,1.169,0.168,0.359,0.107,0.093,Africa
Liberia,Sub-Saharan Africa,141,3.975,0.073,0.922,0.443,0.37,0.233,0.033,Africa
Libya,Middle East and Northern Africa,72,5.525,1.044,1.303,0.673,0.416,0.133,0.152,Africa
Lithuania,Central and Eastern Europe,42,6.149,1.238,1.515,0.818,0.291,0.043,0.042,Europe
Luxembourg,Western Europe,14,7.09,1.609,1.479,1.012,0.526,0.194,0.316,Europe
Madagascar,Sub-Saharan Africa,143,3.933,0.274,0.916,0.555,0.148,0.169,0.041,Africa
Malawi,Sub-Saharan Africa,150,3.41,0.191,0.56,0.495,0.443,0.218,0.089,Africa
Malaysia,Southeastern Asia,80,5.339,1.221,1.171,0.828,0.508,0.26,0.024,Asia
Mali,Sub-Saharan Africa,128,4.39,0.385,1.105,0.308,0.327,0.153,0.052,Africa
Malta,Western Europe,22,6.726,1.3,1.52,0.999,0.564,0.375,0.151,Europe
Mauritania,Sub-Saharan Africa,122,4.49,0.57,1.167,0.489,0.066,0.106,0.088,Africa
Mauritius,Sub-Saharan Africa,57,5.888,1.12,1.402,0.798,0.498,0.215,0.06,Africa
Mexico,Latin America and Caribbean,23,6.595,1.07,1.323,0.861,0.433,0.074,0.073,North America
Moldova,Central and Eastern Europe,71,5.529,0.685,1.328,0.739,0.245,0.181,0,Europe
Mongolia,Eastern Asia,83,5.285,0.948,1.531,0.667,0.317,0.235,0.038,Asia
Montenegro,Central and Eastern Europe,73,5.523,1.051,1.361,0.871,0.197,0.142,0.08,Europe
Morocco,Middle East and Northern Africa,89,5.208,0.801,0.782,0.782,0.418,0.036,0.076,Africa
Mozambique,Sub-Saharan Africa,123,4.466,0.204,0.986,0.39,0.494,0.197,0.138,Africa
Myanmar,Southeastern Asia,131,4.36,0.71,1.181,0.555,0.525,0.566,0.172,Asia
Namibia,Sub-Saharan Africa,113,4.639,0.879,1.313,0.477,0.401,0.07,0.056,Africa
Nepal,Southern Asia,100,4.913,0.446,1.226,0.677,0.439,0.285,0.089,Asia
Netherlands,Western Europe,5,7.488,1.396,1.522,0.999,0.557,0.322,0.298,Europe
New Zealand,Australia and New Zealand,8,7.307,1.303,1.557,1.026,0.585,0.33,0.38,Oceania
Nicaragua,Latin America and Caribbean,45,6.105,0.694,1.325,0.835,0.435,0.2,0.127,North America
Niger,Sub-Saharan Africa,114,4.628,0.138,0.774,0.366,0.318,0.188,0.102,Africa
Nigeria,Sub-Saharan Africa,85,5.265,0.696,1.111,0.245,0.426,0.215,0.041,Africa
North Macedonia,Central and Eastern Europe,84,5.274,0.983,1.294,0.838,0.345,0.185,0.034,Europe
Northern Cyprus,Western Europe,64,5.718,1.263,1.252,1.042,0.417,0.191,0.162,Asia
Norway,Western Europe,3,7.554,1.488,1.582,1.028,0.603,0.271,0.341,Europe
Pakistan,Southern Asia,67,5.653,0.677,0.886,0.535,0.313,0.22,0.098,Asia
Palestinian Territories,Middle East and Northern Africa,110,4.696,0.657,1.247,0.672,0.225,0.103,0.066,Asia
Panama,Latin America and Caribbean,31,6.321,1.149,1.442,0.91,0.516,0.109,0.054,North America
Paraguay,Latin America and Caribbean,63,5.743,0.855,1.475,0.777,0.514,0.184,0.08,South America
Peru,Latin America and Caribbean,65,5.697,0.96,1.274,0.854,0.455,0.083,0.027,South America
Philippines,Southeastern Asia,69,5.631,0.807,1.293,0.657,0.558,0.117,0.107,Asia
Poland,Central and Eastern Europe,40,6.182,1.206,1.438,0.884,0.483,0.117,0.05,Europe
Portugal,Western Europe,66,5.693,1.221,1.431,0.999,0.508,0.047,0.025,Europe
Qatar,Middle East and Northern Africa,29,6.374,1.684,1.313,0.871,0.555,0.22,0.167,Asia
Romania,Central and Eastern Europe,48,6.07,1.162,1.232,0.825,0.462,0.083,0.005,Europe
Russia,Central and Eastern Europe,68,5.648,1.183,1.452,0.726,0.334,0.082,0.031,Europe
Rwanda,Sub-Saharan Africa,152,3.334,0.359,0.711,0.614,0.555,0.217,0.411,Africa
Saudi Arabia,Middle East and Northern Africa,28,6.375,1.403,1.357,0.795,0.439,0.08,0.132,Asia
Senegal,Sub-Saharan Africa,111,4.681,0.45,1.134,0.571,0.292,0.153,0.072,Africa
Serbia,Central and Eastern Europe,70,5.603,1.004,1.383,0.854,0.282,0.137,0.039,Europe
Sierra Leone,Sub-Saharan Africa,129,4.374,0.268,0.841,0.242,0.309,0.252,0.045,Africa
Singapore,Southeastern Asia,34,6.262,1.572,1.463,1.141,0.556,0.271,0.453,Asia
Slovakia,Central and Eastern Europe,38,6.198,1.246,1.504,0.881,0.334,0.121,0.014,Europe
Slovenia,Central and Eastern Europe,44,6.118,1.258,1.523,0.953,0.564,0.144,0.057,Europe
Somalia,Sub-Saharan Africa,112,4.668,0,0.698,0.268,0.559,0.243,0.27,Africa
South Africa,Sub-Saharan Africa,106,4.722,0.96,1.351,0.469,0.389,0.13,0.055,Africa
South Korea,Eastern Asia,54,5.895,1.301,1.219,1.036,0.159,0.175,0.056,Asia
South Sudan,Sub-Saharan Africa,156,2.853,0.306,0.575,0.295,0.01,0.202,0.091,Africa
Spain,Western Europe,30,6.354,1.286,1.484,1.062,0.362,0.153,0.079,Europe
Sri Lanka,Southern Asia,130,4.366,0.949,1.265,0.831,0.47,0.244,0.047,Asia
Swaziland,Sub-Saharan Africa,135,4.212,0.811,1.149,0,0.313,0.074,0.135,Asia
Sweden,Western Europe,7,7.343,1.387,1.487,1.009,0.574,0.267,0.373,Europe
Switzerland,Western Europe,6,7.48,1.452,1.526,1.052,0.572,0.263,0.343,Europe
Syria,Middle East and Northern Africa,149,3.462,0.619,0.378,0.44,0.013,0.331,0.141,Asia
Taiwan,Eastern Asia,25,6.446,1.368,1.43,0.914,0.351,0.242,0.097,Asia
Tajikistan,Central and Eastern Europe,74,5.467,0.493,1.098,0.718,0.389,0.23,0.144,Asia
Tanzania,Sub-Saharan Africa,153,3.231,0.476,0.885,0.499,0.417,0.276,0.147,Africa
Thailand,Southeastern Asia,52,6.008,1.05,1.409,0.828,0.557,0.359,0.028,Asia
Togo,Sub-Saharan Africa,139,4.085,0.275,0.572,0.41,0.293,0.177,0.085,Africa
Trinidad & Tobago,Latin America and Caribbean,39,6.192,1.231,1.477,0.713,0.489,0.185,0.016,North America
Tunisia,Middle East and Northern Africa,124,4.461,0.921,1,0.815,0.167,0.059,0.055,Africa
Turkey,Middle East and Northern Africa,79,5.373,1.183,1.36,0.808,0.195,0.083,0.106,Asia
Turkmenistan,Central and Eastern Europe,87,5.247,1.052,1.538,0.657,0.394,0.244,0.028,Asia
Uganda,Sub-Saharan Africa,136,4.189,0.332,1.069,0.443,0.356,0.252,0.06,Africa
Ukraine,Central and Eastern Europe,133,4.332,0.82,1.39,0.739,0.178,0.187,0.01,Europe
United Arab Emirates,Middle East and Northern Africa,21,6.825,1.503,1.31,0.825,0.598,0.262,0.182,Asia
United Kingdom,Western Europe,15,7.054,1.333,1.538,0.996,0.45,0.348,0.278,Europe
United States,North America,19,6.892,1.433,1.457,0.874,0.454,0.28,0.128,North America
Uruguay,Latin America and Caribbean,33,6.293,1.124,1.465,0.891,0.523,0.127,0.15,South America
Uzbekistan,Central and Eastern Europe,41,6.174,0.745,1.529,0.756,0.631,0.322,0.24,Asia
Venezuela,Latin America and Caribbean,108,4.707,0.96,1.427,0.805,0.154,0.064,0.047,South America
Vietnam,Southeastern Asia,94,5.175,0.741,1.346,0.851,0.543,0.147,0.073,Asia
Yemen,Middle East and Northern Africa,151,3.38,0.287,1.163,0.463,0.143,0.108,0.077,Asia
Zambia,Sub-Saharan Africa,138,4.107,0.578,1.058,0.426,0.431,0.247,0.087,Africa
Zimbabwe,Sub-Saharan Africa,146,3.663,0.366,1.114,0.433,0.361,0.151,0.089,Africa
